{"cameraMode":{"drawMode":0,"name":"Shaded","section":"Shading Mode"},"sceneLighting":false,"audioPlay":false,"sceneViewState":{"m_AlwaysRefresh":false,"showFog":true,"showSkybox":false,"showFlares":true,"showImageEffects":true,"showParticleSystems":true,"showVisualEffectGraphs":true,"m_FxEnabled":true},"in2DMode":false,"pivot":{"x":9.771064758300782,"y":7.481259346008301,"z":9.810907363891602},"rotation":{"x":0.05138774961233139,"y":-0.02653319016098976,"z":0.001365769188851118,"w":0.9983254075050354},"size":0.8660253882408142,"orthographic":false}